DELETE FROM Tickets
DELETE FROM Events
DELETE FROM Locations
DELETE FROM Types
DELETE FROM EventTypes

SET IDENTITY_INSERT Events ON;
INSERT INTO Events(EventID,Name,Description,StartDate,EndDate)
VALUES (
1,
'UNDERHILL 2022',
'Фестиваль руйнує кордони між  різними сучасними напрямками музики. Фестиваль вдало поєднує популярну музику  та  шоу від зірок електронної сцени, що задовольнить смаки найвибагливіших поціновувачів EDM культури та нічних тусовок. Програма фестивалю  розподілена на два етапи: underday та undernight. Де в день та вночі вас будуть дивувати зірки української та світової сцени.',
'6/3/2022',
'6/6/2022'
),
(
2,
'BEZ OBMEZEN. BIG STADIUM CONCERT',
'В підтримку нового альбому "Мільярди" гурт БЕZ ОБМЕЖЕНЬ оголосив масштабний тур, що охопив максимальну кількість міст в Україні та за її межами. Це більше 120 концертів протягом 2019 – 2020 рр.',
'5/28/2022',
'5/28/2022'
),
(
3,
'STEPHEN RIDLEY IN LVIV',
'21 вересня у Львовi відбудеться концерт неповторного Стівена Рідлі, ексцентричного виконавця, який з перших акордів вражає експресією,  зухвалою відвертістю та щирістю композицій.Бездоганна мускулінна зовнішність, чарівна посмішка, витонченість манер британського денді лише підсилюють неймовірний талант.',
'4/6/2022',
'4/6/2022'
),
(
4,
'CRAFT BEER & VINYL MUSIC FEST',
'Десятий фестиваль крафтового пива і вінілів! Збираймось на !FESTrepublic, з дотриманням всіх норм дистанціювання та дезінфекції. З’їдуться пивовари з усієї країни та привезуть улюблені сорти і свої новинки. А поки питимеш пиво та заїдатимеш чимось добрим з фудкорту, твої вуха буде тішити кльова музика та розмови друзяк! Фестиваль не тільки для дорослих, маємо програму і для наймолодших!',
'5/13/2022',
'5/15/2022'
),
(
5,
'THE NEIGHBOURHOOD',
'На жаль, ми знову змушені повідомити про перенесення європейського туру The Neighbourhood. Знову - у зв‘язку із пандемією COVID-19 та діючими карантинними обмеженнями в Україні, Європі та світі загалом. Нова дата - 1 жовтня 2022.Всі квитки є дійсними на нову дату. Обмінювати їх не потрібно. Ми розуміємо кожного з вас, хто втомився чекати. Нам болить, бо за останні два роки з добрих друзів та однодумців ми перетворилися на опонентів.',
'10/1/2022',
'10/1/2022'
),
(
6,
'ПРО ЩО МОВЧАТЬ ЧОЛОВІКИ...', 
'"Про що мовчать чоловіки, або Дикун FOREVER"? 1. Найбільш довгограюча постановка Бродвею. 2. Небанальний жанр моноспектаклю в стилі стендап. 3. Олексій Гнатковський в головній ролі. Багато століть жінки задаються питанням: про що, насправді, думають чоловіки? Відповідь знайдено! Але ви сильно здивуєтесь його неоднозначності. А про що чоловіки мовчать - це взагалі окрема розмова! "Про що мовчать чоловіки" - це неймовірна спроба коміка Роба Беккера відповісти на турбуючі нас питання.',
'11/26/2021',
'11/26/2021'
),
(
7,
'АНТИТІЛА. HELLO',
'Гурт Антитіла продовжує успішний тур «Hello» Україною. Стадіонні аншлаги та поспіль два Палаци спорту у столиці - так пройшла перша його частина у 2019 році. В унісон з Антитілами вісімдесят тисяч прихильників вже проспівали пісні з нового альбому, у підтримку якого відбувається тур. Настав час почути та побачити шоу «Hello» всій країні! На концерті у Палаці Спорту Антитіла оголосили про другу половину великого туру.',
'4/2/2022',
'4/2/2022'
),
(
8,
'ТАРАС СТАДНИЦЬКИЙ! 36,6+',
'Відомий комік - ТАРАС СТАДНИЦЬКИЙ, вперше виступить із сольним стендап концертом у Чернівцях! Учасник команди VIP Тернопіль, актор серіалу "Країна У" та інших гумористичних проектів, активно розпочав сольну кар`єру у форматі стендапу Гумор у формі Stand UP, стрімко увірвався в український простір, і шаленими темпами набирає популярності! Невимушена атмосфера, та прекрасний гумор у виконанні одного з кращих представників даного жанру, зробить Ваш вечір незабутнім)',
'12/5/2021',
'12/5/2021'
),
(
9,
'ЩЕНЯЧИЙ ПАТРУЛЬ',
'Герої улюбленого мультсеріалу всієї дітвори поспішають до своїх маленьких глядачів! Хоробрі щенята Скай, Здоровань, Зума, Маршал, Роккі, Чейз і, звичайно, відважний хлопчик Зік Райдер, - всі вони вже готові занурити сміливих глядачів в самі захоплюючі пригоди.  З популярними супергероями хлопчики й дівчатка зустрінуться на захоплюючій інтерактивній виставі за участю акторів Київського театру ростових ляльок.  Дозвольте мрії свого малюка здійснитися!',
'12/24/2021',
'12/24/2021'
),
(
10,
'МУЗЕЙ АРСЕНАЛ',
'Арсенал (міський) - пам’ятка архітектури XVI ст. (вул. Підвальна, 5). Це одна з небагатьох спорго типу, яка збереглася на сьогоднішній день. На цьому місці вже 1430 року існувала невеличка зброярня, яку 1554 року розбібрали, а на її місці під керівництвом майстра Івана Лиса у 1555-1556 роках збудували нову, майже повністю знищену пожежею 1571 року.',
'1/5/2021',
'1/1/2022'
);
SET IDENTITY_INSERT Events OFF;
SELECT * FROM Events

SET IDENTITY_INSERT Locations ON;
INSERT INTO Locations(LocationsID,City,Address,TotalQuantity) 
VALUES
(1,'с. Підгір`я','урочище Аеродром 1А',1000),
(2,'Lviv','Arena Lviv Stadium',15000),
(3,'Lviv','The Solomiya Krushelnytska Lviv State Academic Theatre of Opera and Ballet',500),
(4,'Lviv','Територія !FESTrepublic',500),
(5,'Kyiv','Palace of Sports',650),
(6,'Ivano-Frankivsk','Івано-Франківська Обласна Філармонія ім. Ірини Маланюк',300),
(7,'Chernivtsi','Mystetsʹkyy Tsentr Imeni I.mykolaychuka',150),
(8,'Chernivtsi','Chernivtsy Regional Philharmonic Society',300),
(9,'Lviv','Museum-Arsenal',75),
(10,'Ivano-Frankivsk','Ruh stadium',2500);
SELECT * FROM Locations
SET IDENTITY_INSERT Locations OFF;

SET IDENTITY_INSERT Tickets ON;
INSERT INTO Tickets(TicketID,Price,TicketName,EventID,LocationID) 
VALUES
(1,1200,'Абонемент на 3 дні',1,1),
(2,400,'Наметове містечко',1,1),
(3,40,'Загальний квиток',10,9),
(4,30,'Пільговий квиток',10,9),
(5,450,'Fan 1',7,10),
(6,250,'Fan 2',7,10),
(7,359,'Фан зона',2,2),
(8,1420,'Партер',3,3),
(9,1100,'Балкон 1',3,3),
(10,850,'Балкон 2',3,3),
(11,50,'Вхід на фестиваль',4,4),
(12,100,'Вхід на фестиваль + келих',4,4),
(13,1790,'Fan 1',5,5),
(14,1390,'Fan 2',5,5),
(15,280,'Партер',6,6),
(16,240,'Балкон 1',6,6),
(17,200,'Балкон 2',6,6),
(18,250,'Зал',8,7),
(19,200,'Зал',9,8);
SELECT * FROM Tickets
SET IDENTITY_INSERT Tickets OFF;

SET IDENTITY_INSERT Types ON;
INSERT INTO Types(TypeID, TypeName, AgeRestriction) 
VALUES
(1,'Концерт',null),
(2,'Фестиваль','18+'),
(3,'Театр',null),
(4,'Стендап','18+'),
(5,'Дитяча',null),
(6,'Екскурсія',null);
SELECT * FROM Types
SET IDENTITY_INSERT Types OFF;

SET IDENTITY_INSERT EventTypes ON;
INSERT INTO EventTypes(EventTypeID,EventID,TypeID ) 
VALUES
(1,1,2),
(2,2,1),
(3,3,1),
(4,4,2),
(5,5,1),
(6,6,3),
(7,7,1),
(8,8,4),
(9,9,5),
(10,10,6);
SELECT * FROM EventTypes
SET IDENTITY_INSERT EventTypes OFF;